user_id,movie_id,rating,timestamp
1,16,4,2025-05-07 19:13:04.386460
1,10,5,2024-05-31 19:13:04.386753
1,21,3,2024-01-01 19:13:04.386989
1,9,4,2023-12-31 19:13:04.387457
1,3,5,2024-06-16 19:13:04.388202
1,13,4,2024-08-13 19:13:04.388975
1,20,4,2024-01-30 19:13:04.389468
1,29,2,2025-05-11 19:13:04.389931
1,24,5,2024-03-09 19:13:04.390205
1,14,2,2024-12-02 19:13:04.390473
1,18,5,2024-07-06 19:13:04.390689
1,26,5,2025-09-23 19:13:04.390911
1,15,2,2023-12-13 19:13:04.391143
1,8,4,2025-05-24 19:13:04.391483
1,11,5,2025-08-09 19:13:04.391868
1,7,4,2024-01-13 19:13:04.392105
1,4,1,2024-08-08 19:13:04.392391
1,6,4,2025-01-21 19:13:04.393267
1,12,3,2024-05-10 19:13:04.393899
1,30,5,2025-05-02 19:13:04.394310
1,19,1,2024-10-29 19:13:04.394685
1,25,3,2025-04-22 19:13:04.395053
1,1,5,2023-11-21 19:13:04.395411
1,5,2,2024-03-01 19:13:04.395739
2,18,2,2024-05-02 19:13:04.396190
2,10,4,2025-08-26 19:13:04.396466
2,19,5,2024-05-23 19:13:04.396763
2,9,4,2024-02-03 19:13:04.397057
2,26,5,2025-06-08 19:13:04.397259
2,4,2,2025-04-24 19:13:04.397462
2,29,3,2025-05-27 19:13:04.397639
2,15,4,2024-03-15 19:13:04.397819
3,26,3,2023-10-06 19:13:04.398141
3,16,3,2025-08-12 19:13:04.398327
3,20,3,2024-03-06 19:13:04.398499
3,19,5,2025-05-05 19:13:04.398670
3,4,3,2024-10-25 19:13:04.398837
3,5,2,2023-11-20 19:13:04.399246
3,27,4,2025-08-09 19:13:04.399473
3,21,3,2024-01-28 19:13:04.399668
3,3,4,2025-08-10 19:13:04.399856
3,12,2,2024-01-21 19:13:04.400036
4,19,3,2025-03-27 19:13:04.400350
4,12,4,2024-07-12 19:13:04.400545
4,11,3,2025-01-28 19:13:04.400724
4,29,1,2025-05-01 19:13:04.400902
4,21,4,2025-07-08 19:13:04.401073
4,28,1,2025-02-24 19:13:04.401246
4,9,1,2025-06-30 19:13:04.401415
4,2,4,2024-07-06 19:13:04.401586
4,5,4,2025-02-26 19:13:04.401758
4,30,5,2024-10-26 19:13:04.401927
4,17,3,2024-12-17 19:13:04.402095
4,25,3,2024-10-10 19:13:04.402280
5,14,3,2024-02-08 19:13:04.402546
5,21,3,2025-06-09 19:13:04.402717
5,7,4,2025-03-20 19:13:04.402890
5,15,3,2024-01-15 19:13:04.403073
5,6,5,2024-08-15 19:13:04.403244
5,25,1,2023-10-04 19:13:04.403413
5,30,4,2023-11-26 19:13:04.403592
5,9,2,2024-07-02 19:13:04.403762
5,18,3,2023-11-13 19:13:04.403935
5,3,4,2024-04-02 19:13:04.404100
5,17,3,2025-06-28 19:13:04.404273
5,8,4,2025-03-26 19:13:04.404446
5,26,3,2024-09-28 19:13:04.404614
5,11,3,2024-12-27 19:13:04.404782
5,12,4,2025-01-02 19:13:04.404951
5,23,3,2024-02-14 19:13:04.405131
5,27,4,2024-10-25 19:13:04.405318
6,13,2,2025-07-20 19:13:04.405575
6,20,4,2025-01-22 19:13:04.405750
6,2,5,2025-04-11 19:13:04.405919
6,6,5,2025-04-15 19:13:04.406081
6,8,4,2024-01-07 19:13:04.406251
6,1,3,2025-09-03 19:13:04.406418
6,21,1,2024-10-28 19:13:04.406587
6,10,4,2024-10-02 19:13:04.406758
6,11,3,2024-05-20 19:13:04.406926
6,18,2,2024-11-09 19:13:04.407199
6,30,5,2025-05-23 19:13:04.408325
6,22,3,2025-01-23 19:13:04.409340
6,23,3,2024-07-14 19:13:04.409954
6,3,4,2025-04-18 19:13:04.410212
6,28,3,2024-04-19 19:13:04.410453
6,5,2,2024-07-08 19:13:04.410677
6,16,2,2025-02-24 19:13:04.410981
6,15,3,2023-12-12 19:13:04.411246
6,24,3,2024-10-06 19:13:04.411502
6,14,4,2024-09-10 19:13:04.412082
7,18,1,2024-10-09 19:13:04.413089
7,7,4,2023-12-04 19:13:04.413372
7,27,3,2025-06-02 19:13:04.413611
7,8,3,2025-07-04 19:13:04.413835
7,2,3,2024-11-20 19:13:04.414052
7,26,4,2025-08-22 19:13:04.414263
7,10,2,2024-05-18 19:13:04.414445
7,9,1,2025-03-15 19:13:04.414618
7,3,3,2023-10-09 19:13:04.414794
7,4,3,2024-03-23 19:13:04.414972
7,14,1,2024-09-07 19:13:04.415145
7,20,5,2025-01-19 19:13:04.415316
7,11,3,2024-07-09 19:13:04.415497
7,16,1,2025-02-02 19:13:04.415676
7,22,3,2025-09-27 19:13:04.415847
7,5,1,2024-09-23 19:13:04.416013
7,15,4,2025-02-20 19:13:04.416184
7,19,5,2024-12-24 19:13:04.416356
7,13,3,2023-11-13 19:13:04.416525
7,12,4,2024-01-31 19:13:04.416693
8,8,5,2024-08-27 19:13:04.417015
8,13,3,2024-12-03 19:13:04.417205
8,27,3,2025-02-15 19:13:04.417381
8,12,5,2024-03-03 19:13:04.417554
8,2,5,2025-06-21 19:13:04.417728
8,7,3,2024-11-30 19:13:04.417901
8,11,4,2024-11-01 19:13:04.418071
8,28,3,2024-07-12 19:13:04.418240
8,4,4,2025-01-26 19:13:04.418412
8,15,3,2024-11-01 19:13:04.418597
8,14,3,2025-06-18 19:13:04.418770
8,9,4,2025-05-22 19:13:04.418944
8,18,4,2025-05-17 19:13:04.419116
8,29,5,2024-11-06 19:13:04.419287
8,20,4,2025-07-25 19:13:04.419465
8,24,5,2025-08-10 19:13:04.419632
9,24,2,2025-07-21 19:13:04.419969
9,1,1,2025-08-16 19:13:04.420157
9,6,3,2025-02-05 19:13:04.420340
9,20,3,2025-06-17 19:13:04.420511
9,10,5,2024-03-08 19:13:04.420683
9,7,1,2025-01-18 19:13:04.420854
9,5,3,2025-01-22 19:13:04.421025
9,14,5,2024-12-03 19:13:04.421199
9,12,3,2023-10-07 19:13:04.421363
10,17,3,2024-09-03 19:13:04.421652
10,8,4,2025-06-15 19:13:04.421839
10,9,3,2025-02-16 19:13:04.422015
10,18,3,2025-08-29 19:13:04.422184
10,4,4,2024-09-28 19:13:04.422361
10,5,4,2024-03-27 19:13:04.422531
10,1,2,2024-05-02 19:13:04.422697
10,21,4,2024-11-16 19:13:04.422866
10,16,3,2024-11-21 19:13:04.423032
10,20,5,2024-09-20 19:13:04.423362
10,6,2,2023-12-10 19:13:04.423616
10,10,2,2024-02-28 19:13:04.423824
10,25,2,2024-05-04 19:13:04.424005
10,30,4,2024-07-13 19:13:04.424183
10,12,2,2024-02-03 19:13:04.424360
10,22,1,2025-05-18 19:13:04.424541
10,11,1,2025-02-01 19:13:04.424722
10,29,1,2025-02-15 19:13:04.424902
10,15,5,2025-02-21 19:13:04.425077
10,3,4,2024-06-21 19:13:04.425254
10,7,5,2025-09-28 19:13:04.425435
11,18,5,2025-09-19 19:13:04.425716
11,14,3,2024-02-14 19:13:04.425890
11,7,2,2024-01-28 19:13:04.426060
11,28,3,2024-03-31 19:13:04.426226
11,27,4,2024-02-04 19:13:04.426405
11,21,2,2024-02-29 19:13:04.426576
11,9,4,2025-02-08 19:13:04.426747
11,23,3,2024-09-21 19:13:04.426925
11,29,5,2024-02-22 19:13:04.427226
11,1,3,2024-05-07 19:13:04.428011
11,20,4,2024-03-09 19:13:04.428765
11,3,4,2025-02-15 19:13:04.429299
11,4,2,2024-12-15 19:13:04.429718
11,16,2,2025-09-27 19:13:04.429991
11,10,2,2025-07-16 19:13:04.430225
11,26,3,2025-05-23 19:13:04.430464
11,5,3,2025-08-21 19:13:04.430958
11,12,4,2024-12-10 19:13:04.431338
11,13,4,2024-01-25 19:13:04.431587
11,25,3,2023-11-11 19:13:04.431816
11,8,3,2025-09-09 19:13:04.432028
11,11,4,2023-12-07 19:13:04.432232
12,27,5,2025-06-06 19:13:04.432667
12,26,5,2025-04-26 19:13:04.432883
12,9,3,2025-02-28 19:13:04.433077
12,18,3,2025-09-17 19:13:04.433259
12,11,4,2025-01-14 19:13:04.433451
12,5,4,2024-11-12 19:13:04.433628
12,13,4,2025-05-25 19:13:04.433822
12,29,1,2024-01-14 19:13:04.434009
12,16,3,2024-12-14 19:13:04.434187
12,12,4,2024-12-23 19:13:04.434360
12,30,3,2025-09-21 19:13:04.434528
12,4,5,2024-03-31 19:13:04.434694
12,10,2,2025-09-09 19:13:04.434867
12,28,4,2024-12-04 19:13:04.435040
12,17,3,2025-02-26 19:13:04.435211
12,25,4,2025-03-06 19:13:04.435380
12,3,3,2024-01-18 19:13:04.435546
12,20,4,2023-11-19 19:13:04.435714
12,6,5,2024-10-11 19:13:04.435880
12,22,5,2025-05-22 19:13:04.436056
12,7,5,2025-05-28 19:13:04.436226
12,19,2,2024-02-06 19:13:04.436396
12,24,3,2025-08-12 19:13:04.436569
12,8,4,2024-12-10 19:13:04.436736
13,13,4,2025-04-06 19:13:04.437032
13,6,2,2025-09-07 19:13:04.437201
13,20,3,2023-10-23 19:13:04.437370
13,2,1,2025-04-24 19:13:04.437536
13,24,3,2025-07-31 19:13:04.437704
13,12,4,2023-12-06 19:13:04.437873
13,7,1,2024-06-20 19:13:04.438039
13,3,3,2025-07-10 19:13:04.438209
13,29,3,2025-05-07 19:13:04.438456
13,17,3,2024-06-13 19:13:04.439303
13,28,4,2024-10-07 19:13:04.439899
13,30,3,2025-05-14 19:13:04.440085
13,10,3,2024-07-24 19:13:04.440263
13,16,2,2023-10-10 19:13:04.440431
13,25,3,2023-12-02 19:13:04.440606
13,9,2,2024-07-30 19:13:04.440785
14,5,2,2025-02-05 19:13:04.441072
14,24,3,2025-08-12 19:13:04.441257
14,16,3,2025-01-11 19:13:04.441436
14,9,3,2025-06-28 19:13:04.441609
14,21,5,2024-12-18 19:13:04.441776
14,20,4,2024-05-29 19:13:04.441945
14,22,5,2024-05-20 19:13:04.442108
14,25,3,2024-06-20 19:13:04.442277
14,12,3,2025-09-25 19:13:04.442445
14,11,3,2023-11-29 19:13:04.442609
14,10,4,2025-05-08 19:13:04.442776
14,3,3,2024-04-02 19:13:04.442971
14,26,3,2025-07-12 19:13:04.443139
14,7,5,2023-10-24 19:13:04.443309
14,13,3,2024-09-11 19:13:04.443475
14,30,3,2025-06-05 19:13:04.443645
14,27,2,2025-01-14 19:13:04.443814
14,4,3,2025-01-19 19:13:04.443980
14,6,4,2025-02-18 19:13:04.444149
14,23,4,2024-05-20 19:13:04.444314
14,17,5,2024-10-03 19:13:04.444481
14,2,2,2023-10-19 19:13:04.444649
14,28,3,2025-08-04 19:13:04.444812
15,28,2,2024-12-19 19:13:04.445097
15,3,4,2025-04-17 19:13:04.445286
15,27,2,2024-07-04 19:13:04.445467
15,1,3,2024-08-27 19:13:04.445639
15,16,3,2024-06-13 19:13:04.445810
15,30,4,2024-03-23 19:13:04.445988
15,26,1,2024-10-04 19:13:04.446167
15,12,2,2023-11-09 19:13:04.446339
15,6,3,2025-09-03 19:13:04.446505
15,5,4,2024-12-10 19:13:04.446675
15,20,3,2023-11-26 19:13:04.446848
15,22,4,2025-02-17 19:13:04.447019
15,21,5,2025-08-08 19:13:04.447255
15,15,3,2024-08-22 19:13:04.447556
15,10,4,2024-12-17 19:13:04.447756
15,4,4,2025-05-07 19:13:04.447947
15,25,2,2025-01-31 19:13:04.448139
15,11,1,2024-05-13 19:13:04.448355
15,24,3,2024-06-07 19:13:04.448587
15,7,3,2024-07-09 19:13:04.448795
15,13,2,2023-10-20 19:13:04.449022
16,30,4,2024-05-31 19:13:04.449452
16,13,5,2025-08-16 19:13:04.449746
16,14,1,2025-09-16 19:13:04.449971
16,26,5,2025-07-08 19:13:04.450164
16,4,5,2024-11-01 19:13:04.450343
16,24,3,2025-05-18 19:13:04.450536
16,9,2,2024-05-22 19:13:04.450747
16,16,3,2024-06-12 19:13:04.451011
16,28,3,2024-09-25 19:13:04.451282
16,29,5,2024-08-26 19:13:04.451480
16,27,3,2024-01-26 19:13:04.451714
16,15,1,2025-04-26 19:13:04.451917
16,20,4,2024-01-21 19:13:04.452114
16,22,3,2025-06-26 19:13:04.452316
16,21,5,2025-04-14 19:13:04.452515
17,22,4,2024-10-08 19:13:04.452907
17,19,4,2024-03-04 19:13:04.453109
17,25,2,2025-09-29 19:13:04.453289
17,9,4,2024-09-21 19:13:04.453468
17,8,2,2024-11-12 19:13:04.453642
17,5,5,2024-12-13 19:13:04.453821
17,11,1,2023-10-28 19:13:04.453997
17,6,5,2024-02-25 19:13:04.454401
17,28,2,2024-10-23 19:13:04.454703
17,20,2,2025-03-29 19:13:04.454958
17,3,5,2025-08-02 19:13:04.455198
17,30,2,2024-09-17 19:13:04.455435
17,2,3,2024-07-19 19:13:04.455633
17,14,4,2024-10-23 19:13:04.455835
17,27,3,2025-02-18 19:13:04.456030
18,29,3,2025-06-04 19:13:04.456367
18,15,4,2025-07-05 19:13:04.456565
18,18,3,2024-10-10 19:13:04.456752
18,24,1,2024-01-24 19:13:04.456928
18,17,3,2024-01-06 19:13:04.457101
18,16,2,2023-12-23 19:13:04.457270
18,25,1,2024-11-04 19:13:04.457446
18,7,1,2024-06-26 19:13:04.457619
18,12,5,2025-01-14 19:13:04.457785
18,23,4,2025-02-18 19:13:04.457959
18,5,3,2025-08-25 19:13:04.458123
18,6,2,2025-04-09 19:13:04.458291
18,28,3,2024-07-05 19:13:04.458462
18,3,5,2023-11-14 19:13:04.458626
19,15,4,2025-07-12 19:13:04.458925
19,11,5,2023-10-15 19:13:04.459114
19,12,5,2024-04-26 19:13:04.459294
19,7,1,2025-02-20 19:13:04.459470
19,27,1,2023-12-05 19:13:04.459641
19,4,5,2025-09-15 19:13:04.459812
19,20,3,2023-11-02 19:13:04.459988
19,29,1,2024-10-02 19:13:04.460158
19,10,4,2024-11-10 19:13:04.460329
19,9,2,2024-07-04 19:13:04.460503
19,16,3,2025-02-20 19:13:04.460672
19,14,4,2024-08-16 19:13:04.460836
19,22,5,2025-02-22 19:13:04.461007
19,23,5,2024-12-28 19:13:04.461175
19,6,5,2024-06-05 19:13:04.461341
19,1,3,2025-03-24 19:13:04.461515
19,26,4,2024-08-27 19:13:04.461682
19,24,4,2023-10-28 19:13:04.461857
19,21,3,2025-06-04 19:13:04.462028
19,2,3,2024-11-30 19:13:04.462194
20,17,5,2025-07-10 19:13:04.462471
20,18,3,2024-07-06 19:13:04.462654
20,24,5,2025-01-18 19:13:04.462824
20,9,3,2024-04-23 19:13:04.462996
20,25,5,2025-04-22 19:13:04.463164
20,8,1,2024-04-26 19:13:04.463329
20,14,3,2024-05-28 19:13:04.463504
20,5,3,2024-02-26 19:13:04.463673
20,26,3,2023-12-15 19:13:04.463842
20,21,1,2024-04-30 19:13:04.464016
20,27,5,2023-11-16 19:13:04.464186
20,13,3,2025-03-17 19:13:04.464364
20,2,3,2023-11-09 19:13:04.464537
20,16,5,2024-09-19 19:13:04.464709
20,23,3,2024-03-23 19:13:04.464877
20,10,3,2025-03-10 19:13:04.465044
20,22,3,2025-02-08 19:13:04.465208
20,19,2,2024-04-29 19:13:04.465380
20,30,2,2023-10-07 19:13:04.465547
20,6,3,2025-06-07 19:13:04.465714
20,1,3,2024-02-26 19:13:04.465887
21,20,1,2025-06-21 19:13:04.466146
21,2,2,2025-07-04 19:13:04.466326
21,10,3,2025-05-12 19:13:04.466507
21,5,4,2024-07-31 19:13:04.466674
21,4,3,2024-11-19 19:13:04.466843
21,12,4,2025-09-23 19:13:04.467049
21,7,5,2024-10-08 19:13:04.467653
21,24,3,2024-03-28 19:13:04.468188
21,23,4,2025-01-11 19:13:04.468944
21,19,5,2024-11-18 19:13:04.469721
21,29,5,2025-06-13 19:13:04.470219
21,16,4,2025-09-25 19:13:04.470518
21,3,3,2025-03-08 19:13:04.471260
21,25,3,2024-11-22 19:13:04.471720
21,27,4,2024-05-05 19:13:04.472024
21,28,1,2023-11-02 19:13:04.472235
21,9,4,2025-09-20 19:13:04.472443
21,22,2,2024-04-13 19:13:04.472631
22,25,3,2024-03-19 19:13:04.473026
22,2,5,2024-02-02 19:13:04.473228
22,7,3,2025-01-25 19:13:04.473417
22,29,4,2024-05-08 19:13:04.473595
22,1,5,2024-11-01 19:13:04.473773
22,22,5,2024-12-11 19:13:04.473956
22,15,2,2024-09-26 19:13:04.474131
22,17,2,2024-01-04 19:13:04.474303
22,24,4,2025-02-07 19:13:04.474473
22,20,3,2025-09-11 19:13:04.474644
22,10,4,2024-04-30 19:13:04.474823
22,3,3,2024-06-11 19:13:04.475004
22,11,2,2024-04-24 19:13:04.475182
22,9,5,2024-09-22 19:13:04.475360
22,27,3,2024-03-28 19:13:04.475531
22,16,2,2024-09-16 19:13:04.475698
22,5,3,2024-05-16 19:13:04.475871
22,6,3,2025-07-10 19:13:04.476051
22,18,3,2025-05-10 19:13:04.476218
22,12,3,2025-09-04 19:13:04.476387
23,6,3,2025-01-24 19:13:04.476673
23,7,2,2024-11-02 19:13:04.476850
23,2,1,2024-05-09 19:13:04.477018
23,20,2,2024-12-24 19:13:04.477196
23,17,1,2025-06-05 19:13:04.477370
23,26,2,2024-06-04 19:13:04.477537
23,18,5,2025-04-24 19:13:04.477704
23,23,3,2025-03-10 19:13:04.477879
23,28,3,2024-12-30 19:13:04.478046
24,4,3,2023-12-24 19:13:04.478303
24,9,4,2024-02-22 19:13:04.478474
24,22,2,2024-10-22 19:13:04.478638
24,3,3,2025-10-01 19:13:04.478807
24,14,4,2023-12-18 19:13:04.478979
24,19,3,2025-07-25 19:13:04.479144
24,23,3,2025-02-24 19:13:04.479318
24,21,2,2023-10-29 19:13:04.479484
24,1,1,2024-02-25 19:13:04.479653
24,5,4,2025-07-05 19:13:04.479831
24,17,4,2024-02-25 19:13:04.480036
24,8,1,2025-04-26 19:13:04.480206
24,26,4,2024-11-12 19:13:04.480373
24,20,3,2025-06-22 19:13:04.480542
24,10,3,2024-01-27 19:13:04.480709
24,29,3,2024-06-07 19:13:04.480881
24,16,5,2024-12-27 19:13:04.481053
24,13,3,2024-11-05 19:13:04.481226
25,29,4,2024-11-10 19:13:04.481499
25,13,4,2024-10-03 19:13:04.481681
25,4,5,2025-09-11 19:13:04.481859
25,9,2,2024-10-31 19:13:04.482029
25,5,3,2025-05-31 19:13:04.482197
25,26,5,2023-10-18 19:13:04.482365
25,20,3,2024-11-12 19:13:04.482530
25,14,5,2024-06-19 19:13:04.482701
26,24,3,2025-06-06 19:13:04.482961
26,22,4,2025-02-24 19:13:04.483131
26,26,4,2024-04-29 19:13:04.483304
26,6,3,2024-09-19 19:13:04.483475
26,17,3,2023-11-20 19:13:04.483640
26,25,5,2023-10-13 19:13:04.483821
26,12,3,2024-12-13 19:13:04.484019
26,5,3,2023-12-08 19:13:04.484190
26,23,4,2025-08-03 19:13:04.484361
27,11,3,2024-06-30 19:13:04.484616
27,8,5,2023-11-02 19:13:04.484784
27,29,4,2024-03-01 19:13:04.485462
27,27,4,2024-03-27 19:13:04.485938
27,16,5,2024-01-20 19:13:04.486185
27,9,1,2024-10-14 19:13:04.486372
27,14,3,2025-07-21 19:13:04.486551
27,26,3,2025-07-24 19:13:04.486737
27,22,3,2023-10-25 19:13:04.486918
27,13,3,2023-12-30 19:13:04.487090
27,6,3,2024-07-31 19:13:04.487268
27,20,2,2025-05-06 19:13:04.487645
27,21,2,2023-10-21 19:13:04.488043
27,7,3,2024-09-16 19:13:04.488588
28,24,3,2025-07-10 19:13:04.489505
28,21,3,2024-07-03 19:13:04.489912
28,30,4,2025-04-24 19:13:04.490201
28,16,3,2024-06-29 19:13:04.490518
28,11,4,2024-05-11 19:13:04.490763
28,1,1,2024-06-08 19:13:04.490985
28,27,2,2024-03-03 19:13:04.491195
28,19,3,2024-07-10 19:13:04.491448
28,18,3,2025-04-05 19:13:04.491764
28,14,2,2023-12-06 19:13:04.492032
29,14,3,2025-01-22 19:13:04.492956
29,9,4,2025-04-21 19:13:04.493196
29,29,3,2025-06-14 19:13:04.493429
29,25,5,2025-02-06 19:13:04.493637
29,1,3,2024-06-06 19:13:04.493845
29,4,3,2025-09-07 19:13:04.494050
29,7,3,2024-06-07 19:13:04.494243
29,19,1,2024-04-13 19:13:04.494419
29,30,2,2025-04-12 19:13:04.494592
29,16,3,2025-05-27 19:13:04.494761
29,8,3,2023-12-19 19:13:04.494934
30,27,5,2024-08-06 19:13:04.495260
30,29,3,2025-07-31 19:13:04.495445
30,16,5,2023-10-30 19:13:04.495617
30,4,3,2024-06-06 19:13:04.495788
30,12,3,2025-07-02 19:13:04.495954
30,21,3,2024-07-04 19:13:04.496124
30,15,5,2024-02-12 19:13:04.496302
30,1,5,2025-04-02 19:13:04.496472
30,3,4,2024-08-23 19:13:04.496644
30,7,1,2024-02-19 19:13:04.496819
30,9,4,2024-06-18 19:13:04.496992
30,8,2,2024-08-05 19:13:04.497181
30,13,3,2025-09-19 19:13:04.497359
30,17,1,2025-02-02 19:13:04.497534
30,26,3,2023-11-09 19:13:04.497704
30,14,5,2025-04-12 19:13:04.497885
30,30,1,2024-06-24 19:13:04.498051
30,10,3,2023-11-02 19:13:04.498218
30,25,3,2024-11-28 19:13:04.498385
30,22,2,2024-01-12 19:13:04.498556
30,5,3,2023-10-25 19:13:04.498748
31,25,4,2025-04-12 19:13:04.499085
31,22,2,2024-08-12 19:13:04.499278
31,12,5,2025-07-07 19:13:04.499455
31,5,3,2025-03-16 19:13:04.499624
31,4,1,2025-08-20 19:13:04.499814
31,7,5,2024-07-24 19:13:04.499997
31,14,1,2023-12-08 19:13:04.500169
31,23,1,2025-05-07 19:13:04.500424
31,11,5,2024-10-01 19:13:04.500610
32,21,2,2024-06-01 19:13:04.500906
32,18,2,2023-11-09 19:13:04.501081
32,17,5,2024-12-18 19:13:04.501259
32,4,5,2025-02-18 19:13:04.501434
32,14,2,2025-01-02 19:13:04.501608
32,3,5,2025-04-02 19:13:04.501788
32,24,1,2024-06-01 19:13:04.501965
32,26,3,2025-05-31 19:13:04.502149
32,2,3,2024-01-15 19:13:04.502323
32,23,5,2024-08-14 19:13:04.502488
32,9,5,2025-04-13 19:13:04.502661
33,20,4,2024-10-14 19:13:04.502938
33,2,3,2023-10-30 19:13:04.503105
33,5,2,2025-09-09 19:13:04.503281
33,22,3,2025-06-16 19:13:04.503452
33,4,3,2025-05-27 19:13:04.503618
33,28,4,2025-05-19 19:13:04.503787
33,1,3,2023-12-16 19:13:04.503955
33,27,5,2025-01-14 19:13:04.504119
33,10,4,2025-06-20 19:13:04.504294
33,6,2,2024-05-29 19:13:04.504460
33,11,3,2024-08-23 19:13:04.504628
33,19,4,2025-02-13 19:13:04.504798
33,29,3,2025-07-28 19:13:04.504963
33,16,4,2025-09-19 19:13:04.505128
33,25,3,2024-02-12 19:13:04.505294
33,14,5,2024-11-22 19:13:04.505467
33,8,1,2025-03-07 19:13:04.505635
33,13,1,2024-01-08 19:13:04.505799
33,18,5,2024-09-20 19:13:04.505967
33,15,5,2025-07-24 19:13:04.506131
33,9,4,2025-06-23 19:13:04.506301
34,13,5,2024-11-17 19:13:04.506560
34,2,3,2024-08-22 19:13:04.506730
34,11,5,2025-07-18 19:13:04.506894
34,27,4,2025-06-07 19:13:04.507108
34,23,5,2023-10-29 19:13:04.507531
34,17,3,2023-11-17 19:13:04.507890
34,25,2,2025-04-02 19:13:04.508184
34,16,4,2024-06-08 19:13:04.508545
34,18,1,2024-01-13 19:13:04.508875
34,19,1,2024-06-13 19:13:04.509275
34,1,5,2025-06-06 19:13:04.509678
35,13,3,2025-08-14 19:13:04.510316
35,12,3,2023-10-29 19:13:04.510677
35,26,4,2024-02-28 19:13:04.510941
35,19,3,2024-01-03 19:13:04.511198
35,21,4,2023-12-31 19:13:04.511418
35,18,4,2024-01-29 19:13:04.511632
35,8,4,2025-04-03 19:13:04.511825
35,22,2,2024-10-03 19:13:04.512031
35,30,2,2024-04-07 19:13:04.512222
35,3,5,2024-04-02 19:13:04.512404
35,2,1,2024-08-20 19:13:04.512581
35,25,3,2024-08-14 19:13:04.512764
35,27,1,2025-04-22 19:13:04.512934
35,29,2,2025-01-05 19:13:04.513107
35,5,2,2024-08-28 19:13:04.513277
35,10,4,2024-01-23 19:13:04.513447
35,9,4,2024-02-28 19:13:04.513618
35,7,1,2025-02-16 19:13:04.513783
35,11,1,2024-02-14 19:13:04.513955
35,14,3,2024-07-18 19:13:04.514122
36,26,4,2024-05-30 19:13:04.514445
36,22,1,2024-02-12 19:13:04.514616
36,29,3,2024-02-17 19:13:04.514792
36,4,5,2024-03-08 19:13:04.514958
36,21,4,2025-08-20 19:13:04.515133
36,17,3,2024-02-12 19:13:04.515308
36,19,4,2024-01-31 19:13:04.515477
36,3,3,2025-03-18 19:13:04.515647
36,23,4,2024-05-03 19:13:04.515818
36,2,5,2025-06-12 19:13:04.515991
36,13,2,2025-06-26 19:13:04.516302
37,20,1,2025-08-19 19:13:04.516710
37,1,3,2025-02-17 19:13:04.516905
37,2,2,2024-07-23 19:13:04.517084
37,9,3,2024-09-18 19:13:04.517262
37,26,3,2023-10-24 19:13:04.517464
37,11,5,2024-05-16 19:13:04.517666
37,18,3,2025-09-24 19:13:04.517855
37,30,2,2024-06-13 19:13:04.518047
37,14,4,2024-06-04 19:13:04.518224
37,23,3,2024-03-14 19:13:04.518388
37,27,3,2025-02-06 19:13:04.518562
37,13,3,2024-03-27 19:13:04.518732
37,25,3,2024-07-05 19:13:04.518900
37,21,4,2024-09-10 19:13:04.519068
37,4,3,2024-12-23 19:13:04.519233
37,5,2,2025-08-23 19:13:04.519401
37,28,3,2025-02-24 19:13:04.519573
37,17,4,2024-04-30 19:13:04.519743
37,29,4,2023-11-14 19:13:04.519914
37,3,2,2025-01-15 19:13:04.520080
37,10,4,2024-10-01 19:13:04.520247
37,6,1,2024-04-06 19:13:04.520414
37,8,2,2025-09-16 19:13:04.520583
38,17,4,2025-04-29 19:13:04.520854
38,14,4,2025-03-26 19:13:04.521032
38,7,4,2023-11-27 19:13:04.521199
38,20,2,2025-08-22 19:13:04.521369
38,8,4,2024-10-29 19:13:04.521542
38,11,4,2024-12-27 19:13:04.521708
38,16,3,2023-12-10 19:13:04.521876
38,10,4,2024-01-21 19:13:04.522046
39,10,4,2023-12-26 19:13:04.522331
39,14,3,2024-08-21 19:13:04.522528
39,17,2,2024-10-13 19:13:04.522706
39,24,3,2024-03-31 19:13:04.522877
39,5,2,2024-05-19 19:13:04.523048
39,13,3,2024-04-03 19:13:04.523217
39,22,3,2024-05-13 19:13:04.523382
39,19,3,2024-12-25 19:13:04.523561
39,21,3,2025-01-05 19:13:04.523730
39,11,5,2023-10-06 19:13:04.523898
39,18,2,2025-07-11 19:13:04.524067
39,25,5,2024-08-02 19:13:04.524231
39,26,3,2024-12-22 19:13:04.524410
39,12,1,2024-11-09 19:13:04.524585
39,4,3,2025-07-21 19:13:04.524751
39,9,4,2024-09-22 19:13:04.524919
39,6,3,2024-08-30 19:13:04.525084
39,7,2,2024-07-22 19:13:04.525250
40,10,2,2025-03-15 19:13:04.525517
40,22,5,2024-11-12 19:13:04.525707
40,19,4,2024-06-07 19:13:04.525882
40,15,5,2025-07-29 19:13:04.526067
40,27,3,2024-10-24 19:13:04.526232
40,5,4,2024-11-04 19:13:04.526401
40,7,5,2025-04-11 19:13:04.526576
40,13,4,2023-12-13 19:13:04.526742
40,16,5,2024-02-05 19:13:04.526910
40,6,2,2024-04-17 19:13:04.527087
40,18,3,2024-05-15 19:13:04.527333
41,11,3,2023-11-13 19:13:04.528015
41,16,4,2025-08-14 19:13:04.528403
41,15,3,2025-03-26 19:13:04.528772
41,30,4,2024-08-24 19:13:04.529102
41,10,2,2024-02-08 19:13:04.529343
41,21,3,2023-10-29 19:13:04.529621
41,27,3,2024-10-04 19:13:04.529879
41,5,1,2025-02-11 19:13:04.530097
41,17,4,2024-04-01 19:13:04.530296
41,19,4,2024-04-21 19:13:04.530483
41,18,3,2024-03-10 19:13:04.530665
42,20,3,2024-02-16 19:13:04.531040
42,6,1,2024-08-16 19:13:04.531288
42,29,3,2025-06-11 19:13:04.531539
42,16,1,2024-09-19 19:13:04.531739
42,30,3,2025-08-22 19:13:04.532015
42,15,5,2025-06-19 19:13:04.532601
42,2,3,2025-01-09 19:13:04.532938
42,4,4,2024-03-18 19:13:04.533155
42,28,5,2024-09-20 19:13:04.533358
42,10,2,2025-07-10 19:13:04.533563
42,24,3,2024-01-12 19:13:04.533759
42,5,5,2023-11-24 19:13:04.533964
42,21,4,2024-10-17 19:13:04.534147
42,18,2,2025-07-13 19:13:04.534315
43,25,3,2024-07-19 19:13:04.534625
43,26,2,2025-09-25 19:13:04.534797
43,18,2,2024-03-13 19:13:04.534967
43,29,5,2024-03-22 19:13:04.535137
43,20,2,2023-12-03 19:13:04.535309
43,14,4,2024-08-09 19:13:04.535488
43,16,4,2024-06-10 19:13:04.535659
43,8,5,2024-09-02 19:13:04.535829
43,2,3,2024-03-05 19:13:04.536001
43,10,3,2023-11-14 19:13:04.536174
43,19,2,2025-03-12 19:13:04.536351
43,22,3,2025-09-01 19:13:04.536521
43,9,3,2024-07-25 19:13:04.536690
43,7,4,2024-09-21 19:13:04.536857
43,24,5,2024-03-02 19:13:04.537024
43,28,5,2023-12-06 19:13:04.537190
44,12,4,2024-05-23 19:13:04.537473
44,16,3,2024-09-14 19:13:04.537641
44,23,4,2024-12-06 19:13:04.537809
44,8,4,2024-05-21 19:13:04.537979
44,29,2,2024-12-26 19:13:04.538148
44,14,5,2025-06-13 19:13:04.538315
44,17,4,2024-07-24 19:13:04.538491
44,25,4,2025-06-25 19:13:04.538666
44,13,4,2025-06-20 19:13:04.538837
44,1,4,2023-12-08 19:13:04.539006
44,9,3,2025-04-20 19:13:04.539174
44,2,5,2024-04-30 19:13:04.539338
44,4,1,2023-12-15 19:13:04.539511
44,24,5,2023-12-13 19:13:04.539679
44,7,2,2025-07-03 19:13:04.539846
44,3,5,2025-01-08 19:13:04.540028
44,26,3,2024-03-22 19:13:04.540375
44,30,4,2023-12-11 19:13:04.540895
44,20,4,2024-06-02 19:13:04.541313
44,5,2,2025-04-01 19:13:04.541572
44,28,2,2024-03-23 19:13:04.541768
45,22,5,2025-05-08 19:13:04.542120
45,15,3,2024-11-13 19:13:04.542312
45,27,3,2025-09-19 19:13:04.542488
45,23,5,2023-11-01 19:13:04.542667
45,25,5,2023-10-13 19:13:04.542840
45,5,4,2025-09-10 19:13:04.543019
45,10,5,2023-11-19 19:13:04.543194
45,29,4,2024-11-16 19:13:04.543372
45,2,2,2025-03-12 19:13:04.543538
45,3,5,2023-12-08 19:13:04.543710
45,9,5,2024-12-20 19:13:04.543874
45,13,5,2024-12-03 19:13:04.544043
45,18,5,2024-09-27 19:13:04.544215
45,7,3,2025-06-11 19:13:04.544386
45,8,1,2024-04-08 19:13:04.544556
45,14,1,2025-07-29 19:13:04.544720
45,1,3,2024-04-01 19:13:04.544888
45,11,4,2024-04-01 19:13:04.545058
45,21,3,2023-12-24 19:13:04.545222
46,22,2,2024-01-09 19:13:04.545513
46,10,3,2025-09-05 19:13:04.545702
46,18,1,2025-02-13 19:13:04.545879
46,5,3,2024-11-15 19:13:04.546047
46,7,3,2023-12-02 19:13:04.546217
46,30,5,2024-04-17 19:13:04.546388
46,16,2,2024-11-23 19:13:04.546553
46,19,4,2025-09-01 19:13:04.546722
46,17,4,2025-09-09 19:13:04.546886
46,13,5,2025-07-20 19:13:04.547098
46,21,3,2024-07-03 19:13:04.548098
46,12,4,2023-12-12 19:13:04.548823
47,17,3,2023-12-21 19:13:04.549592
47,3,4,2024-01-22 19:13:04.549889
47,23,2,2023-11-28 19:13:04.550135
47,6,3,2024-01-29 19:13:04.550341
47,5,5,2025-05-14 19:13:04.550529
47,26,3,2025-03-18 19:13:04.550737
47,10,3,2023-11-11 19:13:04.550962
47,7,1,2023-11-04 19:13:04.551219
47,19,1,2023-10-04 19:13:04.551543
47,1,4,2025-04-10 19:13:04.551876
47,9,2,2025-02-09 19:13:04.552121
47,11,3,2024-04-14 19:13:04.552344
47,25,4,2024-07-07 19:13:04.552587
47,27,4,2024-02-04 19:13:04.552805
47,16,2,2023-10-10 19:13:04.553083
47,2,3,2025-06-23 19:13:04.553325
47,29,3,2024-04-10 19:13:04.553515
47,12,4,2024-10-12 19:13:04.553685
47,30,4,2023-12-14 19:13:04.553869
47,8,3,2025-02-17 19:13:04.554043
47,13,3,2024-07-04 19:13:04.554214
48,21,4,2025-08-09 19:13:04.554585
48,28,4,2025-08-19 19:13:04.554782
48,19,1,2024-02-24 19:13:04.554967
48,12,1,2023-11-25 19:13:04.555145
48,10,5,2024-08-30 19:13:04.555320
48,3,4,2024-09-10 19:13:04.555492
48,14,3,2025-09-15 19:13:04.555674
48,29,5,2024-04-14 19:13:04.555849
48,24,4,2024-08-19 19:13:04.556019
48,20,5,2025-03-28 19:13:04.556195
48,8,3,2025-06-05 19:13:04.556368
48,22,4,2023-11-15 19:13:04.556532
48,25,2,2024-02-06 19:13:04.556711
48,15,5,2024-05-18 19:13:04.556883
48,17,1,2023-11-03 19:13:04.557055
48,7,3,2023-11-28 19:13:04.557227
49,2,5,2023-12-27 19:13:04.557542
49,22,3,2024-07-25 19:13:04.557737
49,17,3,2024-04-10 19:13:04.557927
49,15,4,2024-04-21 19:13:04.558105
49,14,2,2024-05-28 19:13:04.558275
49,30,3,2024-07-18 19:13:04.558447
49,5,3,2024-09-03 19:13:04.558620
49,10,3,2024-10-28 19:13:04.558792
49,27,2,2023-11-09 19:13:04.558973
49,26,3,2025-07-26 19:13:04.559141
49,8,3,2024-08-16 19:13:04.559310
49,19,3,2025-08-14 19:13:04.559479
50,23,5,2024-11-03 19:13:04.559744
50,3,4,2023-12-04 19:13:04.559918
50,4,3,2023-11-21 19:13:04.560099
50,7,2,2025-01-23 19:13:04.560267
50,10,5,2023-11-03 19:13:04.560431
50,16,5,2024-11-04 19:13:04.560598
50,30,2,2024-02-09 19:13:04.560760
50,12,5,2024-11-25 19:13:04.560927
50,19,2,2025-05-01 19:13:04.561094
50,13,1,2024-01-21 19:13:04.561263
50,21,4,2024-03-10 19:13:04.561430
50,26,3,2025-01-02 19:13:04.561594
50,2,5,2025-01-30 19:13:04.561760
50,1,5,2025-01-28 19:13:04.561926
50,29,3,2024-10-05 19:13:04.562088
50,8,3,2024-10-15 19:13:04.562305
50,11,3,2024-02-04 19:13:04.562544
50,28,3,2025-08-24 19:13:04.562712
50,5,4,2024-02-14 19:13:04.562881
50,27,3,2025-07-01 19:13:04.563048
50,17,3,2025-05-18 19:13:04.563227
50,18,4,2024-04-02 19:13:04.563402
51,17,4,2023-10-15 19:13:04.563676
51,27,5,2023-11-17 19:13:04.563861
51,19,4,2023-11-09 19:13:04.564037
51,15,3,2024-11-12 19:13:04.564209
51,1,4,2025-08-05 19:13:04.564374
51,14,4,2024-08-24 19:13:04.564542
51,22,2,2025-01-09 19:13:04.564706
51,18,5,2025-08-22 19:13:04.564872
51,7,1,2025-03-23 19:13:04.565038
51,26,2,2024-10-13 19:13:04.565205
51,6,3,2024-03-01 19:13:04.565373
51,9,4,2023-12-21 19:13:04.565540
52,11,4,2025-09-28 19:13:04.565791
52,20,2,2024-07-26 19:13:04.565962
52,27,3,2025-01-27 19:13:04.566130
52,17,2,2024-02-29 19:13:04.566295
52,1,3,2025-04-04 19:13:04.566462
52,30,4,2024-05-11 19:13:04.566626
52,29,3,2024-03-15 19:13:04.566793
52,6,3,2023-12-22 19:13:04.567042
52,22,2,2024-01-26 19:13:04.567320
52,3,4,2024-11-19 19:13:04.567525
53,14,2,2024-03-21 19:13:04.567878
53,2,2,2025-05-02 19:13:04.568095
53,1,2,2025-06-22 19:13:04.568295
53,10,4,2025-03-25 19:13:04.568563
53,24,3,2025-07-13 19:13:04.568786
53,17,5,2025-07-06 19:13:04.568981
53,26,3,2025-06-28 19:13:04.569187
53,8,3,2025-03-18 19:13:04.569547
53,7,5,2024-08-21 19:13:04.569766
53,23,2,2024-05-11 19:13:04.569959
54,5,5,2025-04-17 19:13:04.570519
54,24,1,2025-03-23 19:13:04.570807
54,14,3,2024-10-31 19:13:04.571041
54,10,4,2024-04-25 19:13:04.571289
54,11,5,2024-06-06 19:13:04.571510
54,30,5,2024-02-18 19:13:04.571703
54,29,2,2024-07-01 19:13:04.571920
54,8,4,2025-06-29 19:13:04.572177
54,4,4,2025-05-04 19:13:04.572362
54,22,3,2025-09-10 19:13:04.572555
54,18,5,2024-05-01 19:13:04.572746
54,1,3,2024-09-22 19:13:04.572922
54,7,3,2024-02-15 19:13:04.573100
54,26,5,2024-05-20 19:13:04.573276
54,15,3,2025-05-31 19:13:04.573445
54,16,2,2025-09-20 19:13:04.573614
54,12,2,2024-11-05 19:13:04.573779
54,19,3,2025-05-15 19:13:04.573947
54,17,5,2025-06-27 19:13:04.574110
54,3,3,2025-07-25 19:13:04.574276
54,21,1,2025-08-04 19:13:04.574443
54,23,3,2025-08-13 19:13:04.574609
54,20,3,2025-09-13 19:13:04.574777
54,25,5,2024-07-09 19:13:04.574940
55,16,4,2024-05-06 19:13:04.575253
55,3,2,2024-02-24 19:13:04.575424
55,23,3,2025-05-01 19:13:04.575592
55,24,3,2024-12-11 19:13:04.575756
55,11,3,2024-05-25 19:13:04.575924
55,29,5,2024-03-28 19:13:04.576102
55,5,1,2025-06-16 19:13:04.576269
55,12,4,2024-06-06 19:13:04.576436
55,6,3,2024-08-14 19:13:04.576600
55,2,3,2025-05-21 19:13:04.576770
55,28,2,2025-07-21 19:13:04.576936
55,25,4,2024-03-21 19:13:04.577099
55,27,3,2024-07-16 19:13:04.577274
55,21,2,2024-05-12 19:13:04.577441
55,8,1,2024-07-07 19:13:04.577608
55,17,5,2025-05-01 19:13:04.577776
55,9,3,2025-07-15 19:13:04.577941
55,10,2,2024-03-21 19:13:04.578109
55,18,1,2025-01-27 19:13:04.578354
55,26,3,2024-01-31 19:13:04.578655
55,19,3,2024-12-22 19:13:04.578925
55,14,3,2024-12-05 19:13:04.579105
56,20,4,2024-05-27 19:13:04.579408
56,12,3,2024-09-28 19:13:04.579595
56,30,4,2025-06-13 19:13:04.579777
56,8,4,2025-08-16 19:13:04.579953
56,15,1,2024-10-01 19:13:04.580131
56,5,2,2024-12-10 19:13:04.580300
56,22,3,2024-11-22 19:13:04.580472
56,23,3,2024-04-22 19:13:04.580643
56,3,1,2024-12-02 19:13:04.580811
56,21,3,2024-10-29 19:13:04.580983
56,29,4,2024-12-31 19:13:04.581148
57,15,1,2025-07-31 19:13:04.581406
57,21,2,2025-05-16 19:13:04.581578
57,26,4,2025-03-11 19:13:04.581747
57,4,3,2025-01-19 19:13:04.581913
57,2,3,2025-07-06 19:13:04.582080
57,12,5,2025-03-09 19:13:04.582251
57,5,2,2025-09-29 19:13:04.582419
57,20,3,2025-06-03 19:13:04.582586
57,18,2,2025-08-25 19:13:04.582751
57,23,2,2023-12-27 19:13:04.582919
57,7,4,2025-09-11 19:13:04.583082
58,25,4,2024-08-14 19:13:04.583334
58,2,3,2023-10-07 19:13:04.583512
58,18,2,2025-02-05 19:13:04.583692
58,6,5,2023-12-19 19:13:04.583861
58,17,4,2024-09-25 19:13:04.584029
58,9,2,2025-08-18 19:13:04.584193
58,11,2,2024-01-25 19:13:04.584366
58,8,5,2024-06-04 19:13:04.584535
58,28,5,2025-09-14 19:13:04.584702
58,27,4,2024-12-17 19:13:04.584870
58,22,3,2024-01-03 19:13:04.585034
58,26,3,2024-05-21 19:13:04.585203
58,21,2,2023-12-22 19:13:04.585373
58,23,3,2025-06-09 19:13:04.585536
59,18,3,2024-12-24 19:13:04.585794
59,6,3,2025-01-06 19:13:04.585969
59,4,3,2024-12-01 19:13:04.586135
59,17,3,2024-11-22 19:13:04.586304
59,5,3,2025-03-23 19:13:04.586471
59,13,1,2024-04-21 19:13:04.586636
59,30,5,2025-01-24 19:13:04.586804
59,25,3,2025-03-09 19:13:04.587060
59,21,5,2024-08-12 19:13:04.587421
59,28,4,2025-05-11 19:13:04.587746
59,12,1,2023-12-04 19:13:04.588041
60,26,3,2025-02-23 19:13:04.588634
60,21,3,2024-11-13 19:13:04.588854
60,28,4,2023-11-08 19:13:04.589064
60,10,4,2025-08-23 19:13:04.589283
60,4,3,2024-03-07 19:13:04.589515
60,6,3,2024-03-09 19:13:04.589734
60,15,4,2025-06-02 19:13:04.589938
60,18,4,2025-06-28 19:13:04.590146
60,17,3,2025-02-09 19:13:04.590343
60,8,4,2025-01-19 19:13:04.590544
60,27,4,2024-10-19 19:13:04.590749
60,5,5,2024-06-07 19:13:04.591000
60,11,4,2023-10-14 19:13:04.591212
60,3,1,2025-05-19 19:13:04.591421
60,13,3,2024-11-22 19:13:04.591615
60,20,4,2024-07-30 19:13:04.591813
61,11,5,2024-09-28 19:13:04.592192
61,29,2,2024-05-15 19:13:04.592417
61,2,2,2023-11-24 19:13:04.592666
61,23,4,2025-08-02 19:13:04.592912
61,14,3,2023-11-17 19:13:04.593155
61,1,4,2024-09-19 19:13:04.593400
61,18,2,2024-02-24 19:13:04.593624
61,22,3,2025-03-09 19:13:04.593845
61,8,4,2024-10-27 19:13:04.594056
61,13,5,2024-10-27 19:13:04.594246
61,24,3,2024-04-10 19:13:04.594599
61,25,4,2023-11-25 19:13:04.594815
61,21,2,2025-07-24 19:13:04.595011
61,15,3,2024-02-02 19:13:04.595193
62,10,4,2024-05-12 19:13:04.595519
62,30,3,2024-02-12 19:13:04.595704
62,12,3,2024-06-27 19:13:04.595890
62,22,5,2024-07-26 19:13:04.596071
62,20,4,2023-11-07 19:13:04.596249
62,29,4,2025-02-09 19:13:04.596426
62,3,3,2024-05-05 19:13:04.596598
62,9,5,2025-05-30 19:13:04.596772
62,4,3,2024-04-13 19:13:04.596941
62,25,1,2024-04-09 19:13:04.597120
63,22,3,2025-04-03 19:13:04.597427
63,13,2,2025-07-30 19:13:04.597618
63,8,4,2025-03-23 19:13:04.597792
63,27,3,2024-08-22 19:13:04.597966
63,18,3,2023-10-12 19:13:04.598138
63,7,4,2023-12-18 19:13:04.598307
63,3,1,2024-07-25 19:13:04.598496
63,17,4,2024-09-22 19:13:04.598685
63,9,2,2025-03-09 19:13:04.598861
63,21,4,2025-06-06 19:13:04.599038
63,15,5,2025-04-19 19:13:04.599213
63,29,3,2025-04-01 19:13:04.599381
63,1,5,2025-09-19 19:13:04.599590
63,6,2,2024-07-21 19:13:04.599769
63,4,3,2025-05-05 19:13:04.599940
63,26,4,2025-09-03 19:13:04.600119
63,12,3,2023-10-12 19:13:04.600283
63,24,3,2024-01-13 19:13:04.600453
64,6,1,2023-10-05 19:13:04.600725
64,20,2,2024-03-17 19:13:04.600894
64,2,4,2025-07-10 19:13:04.601067
64,12,5,2024-01-03 19:13:04.601236
64,23,3,2024-02-26 19:13:04.601403
64,17,3,2025-08-07 19:13:04.601578
64,26,2,2025-06-14 19:13:04.601748
64,29,3,2025-07-01 19:13:04.601915
64,30,2,2025-08-03 19:13:04.602084
64,4,4,2024-04-10 19:13:04.602248
64,18,3,2024-01-04 19:13:04.602420
64,8,3,2025-08-27 19:13:04.602604
64,22,2,2025-07-08 19:13:04.602774
64,28,4,2024-10-29 19:13:04.602941
64,25,3,2024-09-14 19:13:04.603109
64,1,5,2024-09-21 19:13:04.603277
64,10,1,2023-12-30 19:13:04.603443
64,5,4,2025-09-21 19:13:04.603613
64,19,3,2025-06-28 19:13:04.603781
64,3,2,2025-03-24 19:13:04.603947
64,9,3,2024-08-04 19:13:04.604115
64,21,3,2024-10-12 19:13:04.604283
64,27,1,2024-07-13 19:13:04.604447
65,6,3,2023-10-25 19:13:04.604728
65,14,3,2025-02-20 19:13:04.604909
65,11,2,2025-02-15 19:13:04.605084
65,19,3,2024-02-21 19:13:04.605253
65,5,3,2025-01-05 19:13:04.605422
65,3,3,2025-05-23 19:13:04.605593
65,26,5,2025-07-22 19:13:04.605765
65,4,3,2023-11-30 19:13:04.605937
65,17,2,2025-03-25 19:13:04.606102
65,22,3,2025-02-24 19:13:04.606270
65,20,2,2024-07-08 19:13:04.606434
65,24,2,2025-02-07 19:13:04.606608
65,7,3,2023-10-13 19:13:04.606781
65,27,4,2024-08-06 19:13:04.606949
65,15,5,2025-07-22 19:13:04.607186
65,30,3,2025-09-26 19:13:04.607498
65,8,3,2024-01-30 19:13:04.607852
65,12,5,2023-11-03 19:13:04.608183
65,18,3,2024-10-18 19:13:04.608523
65,16,4,2023-10-31 19:13:04.608911
65,13,5,2025-05-28 19:13:04.609188
65,9,2,2023-10-08 19:13:04.609418
65,2,4,2024-06-02 19:13:04.609622
65,21,3,2024-09-09 19:13:04.609846
66,6,5,2025-02-06 19:13:04.610396
66,21,4,2025-04-14 19:13:04.610623
66,5,1,2023-12-11 19:13:04.610830
66,16,1,2024-06-22 19:13:04.611049
66,14,3,2025-03-15 19:13:04.611269
66,12,3,2024-10-03 19:13:04.611481
66,3,3,2024-06-18 19:13:04.611678
66,9,3,2024-08-11 19:13:04.611902
66,23,4,2023-12-23 19:13:04.612092
66,7,5,2025-10-01 19:13:04.612299
66,11,4,2025-06-26 19:13:04.612546
66,2,2,2025-05-15 19:13:04.612750
66,28,4,2025-07-22 19:13:04.612941
66,29,5,2025-01-07 19:13:04.613131
66,8,4,2025-02-12 19:13:04.613306
66,19,2,2025-05-16 19:13:04.613476
66,24,3,2025-01-02 19:13:04.613648
66,15,2,2024-05-14 19:13:04.613827
66,25,3,2024-08-04 19:13:04.614001
66,1,5,2024-09-07 19:13:04.614174
67,14,3,2024-10-12 19:13:04.614484
67,15,2,2023-11-06 19:13:04.614652
67,25,3,2025-03-06 19:13:04.614837
67,10,5,2024-02-01 19:13:04.615012
67,30,5,2024-06-17 19:13:04.615183
67,18,3,2024-05-28 19:13:04.615356
67,4,2,2024-09-30 19:13:04.615532
67,29,2,2024-02-22 19:13:04.615703
67,20,2,2024-09-22 19:13:04.615879
67,16,5,2024-04-13 19:13:04.616047
67,6,5,2024-03-02 19:13:04.616214
67,1,2,2024-05-10 19:13:04.616379
67,21,1,2025-07-21 19:13:04.616546
68,21,2,2025-05-12 19:13:04.616834
68,26,5,2024-12-04 19:13:04.617008
68,30,3,2025-07-24 19:13:04.617174
68,14,5,2025-06-12 19:13:04.617349
68,6,2,2024-06-18 19:13:04.617519
68,1,3,2024-04-20 19:13:04.617687
68,29,2,2023-10-07 19:13:04.617865
68,8,3,2025-03-24 19:13:04.618035
68,11,4,2025-02-02 19:13:04.618200
68,13,3,2025-04-05 19:13:04.618369
68,23,1,2024-05-17 19:13:04.618535
68,18,2,2025-03-24 19:13:04.618704
68,4,3,2025-02-07 19:13:04.618880
68,27,1,2024-04-01 19:13:04.619049
68,7,2,2025-02-07 19:13:04.619219
69,24,3,2024-08-23 19:13:04.619497
69,22,4,2025-09-10 19:13:04.619679
69,4,3,2025-03-08 19:13:04.619858
69,3,3,2023-11-15 19:13:04.620029
69,15,1,2024-02-08 19:13:04.620195
69,30,2,2025-04-19 19:13:04.620363
69,25,3,2024-02-20 19:13:04.620535
69,26,5,2025-04-22 19:13:04.620705
69,18,2,2025-02-05 19:13:04.620882
69,28,2,2023-12-17 19:13:04.621048
69,10,4,2025-01-06 19:13:04.621215
69,6,4,2025-01-30 19:13:04.621383
69,14,2,2025-08-03 19:13:04.621548
70,8,4,2025-05-14 19:13:04.621815
70,24,3,2025-05-27 19:13:04.621994
70,19,5,2024-06-26 19:13:04.622163
70,29,4,2025-03-29 19:13:04.622332
70,27,1,2025-03-26 19:13:04.622502
70,11,2,2024-12-22 19:13:04.622666
70,28,3,2025-03-22 19:13:04.622839
70,16,3,2025-05-19 19:13:04.623003
70,10,3,2025-04-14 19:13:04.623171
70,3,2,2024-06-02 19:13:04.623341
70,12,2,2024-02-27 19:13:04.623505
70,7,5,2024-09-26 19:13:04.623682
70,13,3,2025-05-30 19:13:04.623862
71,17,4,2024-05-16 19:13:04.624115
71,30,4,2024-04-16 19:13:04.624286
71,16,3,2025-05-05 19:13:04.624454
71,15,5,2024-05-05 19:13:04.624619
71,9,5,2025-07-18 19:13:04.624806
71,19,3,2025-02-19 19:13:04.624981
71,1,3,2025-01-24 19:13:04.625149
71,24,5,2023-10-19 19:13:04.625317
71,8,3,2025-04-10 19:13:04.625482
71,22,3,2025-01-19 19:13:04.625650
71,29,5,2024-12-25 19:13:04.625879
71,26,2,2025-02-07 19:13:04.626062
71,23,3,2024-05-25 19:13:04.626236
71,20,4,2023-10-15 19:13:04.626402
71,4,4,2024-05-26 19:13:04.626570
71,12,3,2024-09-22 19:13:04.626736
71,14,5,2025-09-07 19:13:04.626917
71,28,5,2025-06-08 19:13:04.627103
71,25,3,2025-06-25 19:13:04.627758
71,13,2,2024-02-13 19:13:04.628747
71,11,4,2023-11-17 19:13:04.629166
71,2,3,2023-10-12 19:13:04.629476
71,7,2,2024-03-05 19:13:04.629760
72,14,4,2024-04-30 19:13:04.630238
72,1,5,2023-10-13 19:13:04.630455
72,26,2,2024-01-11 19:13:04.630792
72,5,3,2025-07-18 19:13:04.631125
72,9,4,2023-12-09 19:13:04.631368
72,20,2,2025-07-23 19:13:04.631604
72,8,1,2025-05-31 19:13:04.631826
72,2,4,2025-03-21 19:13:04.632035
72,21,3,2024-07-28 19:13:04.632248
73,1,2,2024-12-18 19:13:04.632624
73,27,4,2024-05-03 19:13:04.632810
73,12,2,2024-01-03 19:13:04.632992
73,8,3,2024-12-28 19:13:04.633176
73,11,3,2024-12-06 19:13:04.633356
73,9,3,2023-12-23 19:13:04.633526
73,15,2,2025-05-20 19:13:04.633700
73,17,2,2024-05-30 19:13:04.633870
73,18,4,2024-09-13 19:13:04.634043
73,29,4,2025-03-27 19:13:04.634214
73,7,3,2024-02-03 19:13:04.634378
73,3,4,2025-03-29 19:13:04.634546
73,28,3,2025-05-25 19:13:04.634720
73,14,3,2025-05-11 19:13:04.634888
73,22,3,2024-08-05 19:13:04.635060
73,26,5,2025-06-17 19:13:04.635226
73,25,2,2024-10-26 19:13:04.635395
73,16,4,2024-08-18 19:13:04.635561
73,2,3,2024-02-03 19:13:04.635726
73,4,3,2024-10-19 19:13:04.635893
73,6,2,2024-03-22 19:13:04.636056
74,15,2,2024-04-16 19:13:04.636358
74,5,2,2024-10-04 19:13:04.636547
74,9,2,2024-10-31 19:13:04.636725
74,30,3,2024-06-15 19:13:04.636894
74,21,3,2025-09-20 19:13:04.637071
74,26,3,2024-02-22 19:13:04.637246
74,14,1,2024-04-28 19:13:04.637417
74,22,1,2023-11-14 19:13:04.637589
74,16,1,2025-08-03 19:13:04.637761
74,29,5,2024-07-24 19:13:04.637931
74,6,4,2024-08-20 19:13:04.638102
74,1,3,2024-09-11 19:13:04.638267
74,27,3,2025-07-16 19:13:04.638437
74,28,3,2024-04-23 19:13:04.638604
74,17,4,2025-04-29 19:13:04.638771
74,25,2,2024-12-26 19:13:04.638942
74,3,3,2024-01-19 19:13:04.639111
75,10,5,2024-11-19 19:13:04.639377
75,19,3,2024-04-23 19:13:04.639552
75,15,1,2023-11-21 19:13:04.639723
75,11,3,2024-03-25 19:13:04.639888
75,29,3,2025-06-15 19:13:04.640056
75,30,4,2024-01-25 19:13:04.640224
75,7,2,2025-03-10 19:13:04.640393
75,3,3,2025-01-30 19:13:04.640561
75,23,4,2024-06-13 19:13:04.640727
75,26,2,2025-03-26 19:13:04.640896
75,25,3,2025-01-24 19:13:04.641069
75,17,4,2023-12-27 19:13:04.641242
75,21,3,2024-11-10 19:13:04.641411
75,1,4,2024-02-03 19:13:04.641631
75,9,4,2024-05-12 19:13:04.641859
75,8,2,2025-07-22 19:13:04.642029
75,20,1,2023-10-09 19:13:04.642194
75,16,2,2024-02-02 19:13:04.642363
75,27,2,2024-03-15 19:13:04.642531
75,28,3,2025-08-09 19:13:04.642701
75,13,4,2024-01-30 19:13:04.642874
76,22,2,2025-03-16 19:13:04.643137
76,18,5,2024-01-14 19:13:04.643306
76,14,3,2024-12-07 19:13:04.643477
76,23,4,2025-05-18 19:13:04.643645
76,27,1,2025-03-05 19:13:04.643816
76,28,4,2024-07-24 19:13:04.643983
76,10,3,2024-07-20 19:13:04.644152
76,7,2,2023-12-06 19:13:04.644323
76,9,2,2024-04-27 19:13:04.644493
76,13,1,2024-08-01 19:13:04.644660
76,4,4,2024-09-28 19:13:04.644827
76,19,5,2024-03-04 19:13:04.644994
76,11,5,2024-11-08 19:13:04.645161
76,5,4,2024-09-21 19:13:04.645329
76,24,3,2024-10-08 19:13:04.645495
76,12,3,2023-12-06 19:13:04.645661
76,30,4,2023-12-20 19:13:04.645831
76,25,3,2024-01-12 19:13:04.646001
76,16,3,2024-02-10 19:13:04.646174
76,8,5,2025-01-06 19:13:04.646338
76,6,4,2025-06-06 19:13:04.646504
77,5,5,2025-04-16 19:13:04.646778
77,23,2,2024-07-18 19:13:04.646965
77,10,3,2024-09-16 19:13:04.647190
77,28,3,2023-11-29 19:13:04.647550
77,2,2,2025-03-28 19:13:04.647891
77,6,2,2023-12-28 19:13:04.648235
77,20,2,2025-01-15 19:13:04.648564
77,24,3,2024-06-11 19:13:04.648876
77,8,3,2025-03-27 19:13:04.649123
77,29,3,2024-12-14 19:13:04.649344
77,19,3,2024-01-06 19:13:04.649593
78,13,5,2024-04-08 19:13:04.650029
78,10,5,2025-08-30 19:13:04.650250
78,8,2,2024-04-26 19:13:04.650459
78,28,5,2025-04-30 19:13:04.650653
78,1,3,2025-01-29 19:13:04.650858
78,21,1,2024-04-09 19:13:04.651087
78,22,2,2023-10-31 19:13:04.651332
78,24,3,2023-11-10 19:13:04.651544
78,12,3,2025-04-13 19:13:04.651745
78,30,1,2025-01-16 19:13:04.651943
78,2,2,2023-10-11 19:13:04.652140
78,11,4,2024-08-07 19:13:04.652333
78,6,5,2024-10-03 19:13:04.652521
78,23,1,2024-09-19 19:13:04.652695
78,9,4,2023-10-11 19:13:04.652868
78,20,2,2025-06-26 19:13:04.653045
78,19,5,2025-09-10 19:13:04.653223
78,29,2,2024-09-14 19:13:04.653393
79,4,2,2023-11-11 19:13:04.653738
79,8,1,2024-03-24 19:13:04.653926
79,1,4,2025-09-16 19:13:04.654103
79,2,4,2024-05-24 19:13:04.654281
79,6,2,2024-11-02 19:13:04.654458
79,26,5,2024-11-09 19:13:04.654629
79,3,3,2024-01-27 19:13:04.654806
79,18,5,2024-08-20 19:13:04.654995
79,12,3,2024-07-31 19:13:04.655167
79,24,3,2024-05-29 19:13:04.655337
79,27,3,2023-10-21 19:13:04.655506
79,11,2,2024-11-30 19:13:04.655671
79,15,2,2024-06-24 19:13:04.655843
80,19,3,2024-09-30 19:13:04.656145
80,30,2,2024-09-27 19:13:04.656331
80,26,3,2024-02-22 19:13:04.656517
80,21,1,2025-06-10 19:13:04.656689
80,27,3,2024-07-20 19:13:04.656854
80,1,4,2025-08-28 19:13:04.657025
80,7,3,2024-04-12 19:13:04.657222
80,10,4,2024-09-23 19:13:04.657468
80,8,4,2023-10-05 19:13:04.657687
80,3,3,2024-03-18 19:13:04.657868
80,28,4,2023-10-07 19:13:04.658062
80,22,2,2024-05-18 19:13:04.658230
80,17,3,2025-07-18 19:13:04.658402
80,2,4,2023-11-03 19:13:04.658572
80,12,3,2024-04-10 19:13:04.658744
80,29,4,2025-01-22 19:13:04.658913
80,20,2,2025-08-26 19:13:04.659088
80,13,3,2024-01-31 19:13:04.659263
80,18,5,2025-04-17 19:13:04.659428
80,24,3,2024-01-03 19:13:04.659626
80,5,3,2024-11-26 19:13:04.659796
81,10,3,2023-12-26 19:13:04.660063
81,17,3,2025-01-30 19:13:04.660231
81,4,3,2024-04-17 19:13:04.660398
81,15,4,2025-06-12 19:13:04.660562
81,20,2,2025-04-08 19:13:04.660730
81,5,2,2025-06-23 19:13:04.660901
81,18,5,2024-02-06 19:13:04.661074
81,19,3,2024-04-13 19:13:04.661240
81,24,4,2024-12-09 19:13:04.661406
81,2,4,2025-01-26 19:13:04.661570
81,26,2,2025-07-19 19:13:04.661741
81,27,3,2025-04-17 19:13:04.661905
81,11,2,2024-10-12 19:13:04.662071
81,29,1,2024-04-19 19:13:04.662236
81,30,3,2025-02-03 19:13:04.662401
81,7,3,2024-10-23 19:13:04.662568
81,6,3,2023-10-31 19:13:04.662730
81,1,5,2025-05-02 19:13:04.662897
81,9,1,2024-05-12 19:13:04.663065
81,25,2,2024-06-07 19:13:04.663231
81,21,4,2025-02-23 19:13:04.663398
81,22,4,2023-10-10 19:13:04.663560
81,23,5,2025-04-03 19:13:04.663727
82,22,3,2025-07-25 19:13:04.664011
82,15,4,2025-07-15 19:13:04.664196
82,14,5,2024-02-05 19:13:04.664367
82,3,5,2024-01-20 19:13:04.664542
82,27,5,2025-06-29 19:13:04.664716
82,5,3,2025-07-27 19:13:04.664887
82,23,1,2024-10-01 19:13:04.665060
82,24,1,2025-06-07 19:13:04.665225
82,21,1,2024-06-04 19:13:04.665393
82,4,3,2025-04-21 19:13:04.665562
82,17,3,2025-01-07 19:13:04.665728
82,20,3,2024-05-12 19:13:04.665899
82,29,4,2024-11-28 19:13:04.666064
82,7,3,2024-03-09 19:13:04.666232
82,11,2,2024-06-02 19:13:04.666400
82,25,1,2023-12-03 19:13:04.666565
83,1,2,2024-06-22 19:13:04.666815
83,11,5,2024-05-01 19:13:04.666991
83,16,3,2024-12-01 19:13:04.667207
83,9,3,2025-06-13 19:13:04.667491
83,29,2,2023-11-11 19:13:04.667696
83,27,2,2024-02-18 19:13:04.667906
83,28,4,2024-03-27 19:13:04.668142
83,8,3,2025-04-12 19:13:04.668357
83,4,4,2025-04-30 19:13:04.668662
83,15,5,2024-04-02 19:13:04.668890
83,24,2,2025-03-01 19:13:04.669106
83,14,5,2025-05-29 19:13:04.669297
83,22,3,2023-11-16 19:13:04.669505
83,3,5,2024-04-12 19:13:04.669718
83,6,2,2024-06-07 19:13:04.669905
83,30,1,2025-07-19 19:13:04.670089
83,10,5,2025-07-16 19:13:04.670266
83,7,3,2023-11-14 19:13:04.670454
83,21,3,2025-04-01 19:13:04.670640
83,2,2,2024-11-08 19:13:04.670843
83,13,5,2025-06-12 19:13:04.671109
84,21,4,2024-11-19 19:13:04.671782
84,17,3,2025-09-08 19:13:04.672059
84,25,3,2025-08-13 19:13:04.672299
84,20,3,2024-05-22 19:13:04.672511
84,14,1,2024-02-28 19:13:04.672702
84,26,4,2024-03-19 19:13:04.672893
84,2,3,2024-02-19 19:13:04.673084
84,18,2,2024-03-22 19:13:04.673276
84,5,4,2024-06-01 19:13:04.673453
84,10,3,2025-01-19 19:13:04.673727
84,11,1,2025-10-01 19:13:04.673913
84,30,1,2025-07-15 19:13:04.674093
84,15,3,2024-10-18 19:13:04.674264
84,12,3,2024-05-18 19:13:04.674446
85,27,1,2024-01-29 19:13:04.674765
85,28,3,2023-10-07 19:13:04.674951
85,13,4,2024-07-20 19:13:04.675127
85,19,4,2025-01-24 19:13:04.675298
85,12,1,2024-04-20 19:13:04.675471
85,9,4,2025-06-27 19:13:04.675639
85,18,4,2025-05-23 19:13:04.675811
85,4,3,2025-07-12 19:13:04.675988
85,24,1,2025-08-04 19:13:04.676159
85,7,3,2024-12-22 19:13:04.676330
85,15,2,2024-07-20 19:13:04.676494
85,20,1,2024-02-28 19:13:04.676663
85,11,2,2024-02-11 19:13:04.676831
85,1,4,2024-06-17 19:13:04.677002
86,14,3,2024-08-17 19:13:04.677285
86,19,1,2025-07-29 19:13:04.677466
86,29,5,2024-09-28 19:13:04.677634
86,1,4,2024-07-28 19:13:04.677809
86,23,3,2023-11-05 19:13:04.677978
86,9,2,2024-01-30 19:13:04.678143
86,6,3,2024-04-16 19:13:04.678311
86,12,5,2025-05-29 19:13:04.678479
86,26,3,2024-08-03 19:13:04.678646
86,16,3,2024-04-07 19:13:04.678814
86,20,3,2024-08-26 19:13:04.678992
86,8,2,2025-01-02 19:13:04.679219
86,27,4,2024-06-18 19:13:04.679437
86,3,2,2025-06-14 19:13:04.679625
86,4,5,2024-03-13 19:13:04.679831
86,21,2,2024-03-12 19:13:04.679999
86,2,3,2025-06-10 19:13:04.680161
86,28,3,2024-06-12 19:13:04.680341
86,15,2,2024-11-15 19:13:04.680511
86,25,5,2025-02-25 19:13:04.680675
86,10,4,2024-04-22 19:13:04.680842
86,7,2,2025-08-02 19:13:04.681009
86,11,3,2024-04-12 19:13:04.681178
86,5,3,2025-07-29 19:13:04.681346
87,28,2,2025-06-27 19:13:04.681639
87,26,3,2024-08-18 19:13:04.681821
87,6,2,2025-08-19 19:13:04.681997
87,9,5,2025-06-27 19:13:04.682162
87,16,1,2024-01-20 19:13:04.682331
87,8,4,2025-02-25 19:13:04.682498
87,1,5,2025-05-25 19:13:04.682663
87,5,4,2024-02-01 19:13:04.682830
87,29,3,2024-01-10 19:13:04.682999
87,30,3,2025-05-01 19:13:04.683168
87,19,4,2024-03-02 19:13:04.683344
88,27,3,2024-07-15 19:13:04.683611
88,24,1,2024-07-12 19:13:04.683782
88,21,3,2023-10-18 19:13:04.683952
88,12,3,2025-06-23 19:13:04.684119
88,15,4,2025-06-07 19:13:04.684283
88,8,3,2024-07-30 19:13:04.684452
88,25,3,2024-10-01 19:13:04.684617
88,13,4,2023-12-15 19:13:04.684785
88,19,2,2025-05-25 19:13:04.684952
89,24,2,2024-07-26 19:13:04.685200
89,15,4,2023-11-09 19:13:04.685384
89,6,2,2025-01-02 19:13:04.685552
89,3,2,2024-02-22 19:13:04.685718
89,12,4,2023-12-29 19:13:04.685889
89,14,4,2024-03-14 19:13:04.686060
89,7,4,2023-10-21 19:13:04.686225
89,20,4,2024-01-11 19:13:04.686391
89,23,3,2024-12-04 19:13:04.686554
89,9,3,2024-08-20 19:13:04.686722
89,1,4,2025-05-26 19:13:04.686889
89,25,1,2025-01-09 19:13:04.687057
89,5,1,2025-05-11 19:13:04.687341
89,30,3,2025-04-28 19:13:04.688086
89,19,3,2025-05-21 19:13:04.689116
89,2,3,2024-10-31 19:13:04.689676
90,30,5,2025-01-07 19:13:04.690268
90,21,5,2024-05-08 19:13:04.690540
90,5,5,2024-10-28 19:13:04.690771
90,18,3,2024-05-11 19:13:04.691004
90,24,3,2025-03-24 19:13:04.691504
90,19,2,2025-09-14 19:13:04.691872
90,17,3,2025-06-01 19:13:04.692180
90,6,3,2024-09-24 19:13:04.692398
90,8,3,2025-07-23 19:13:04.692597
90,22,4,2025-09-13 19:13:04.692822
90,10,3,2025-04-30 19:13:04.693016
90,15,4,2024-10-10 19:13:04.693193
90,23,4,2024-07-16 19:13:04.693381
90,16,3,2025-05-12 19:13:04.693556
91,24,2,2025-06-18 19:13:04.693917
91,14,4,2025-06-03 19:13:04.694115
91,30,5,2025-03-19 19:13:04.694297
91,1,2,2025-09-20 19:13:04.694475
91,2,4,2024-09-05 19:13:04.694645
91,25,3,2025-01-08 19:13:04.694823
91,19,3,2023-12-20 19:13:04.694997
91,4,3,2024-04-30 19:13:04.695178
91,18,2,2024-01-05 19:13:04.695351
91,16,3,2024-04-28 19:13:04.695519
92,5,4,2024-07-16 19:13:04.695828
92,29,5,2024-10-15 19:13:04.696013
92,25,4,2024-12-08 19:13:04.696189
92,3,3,2025-06-14 19:13:04.696359
92,15,4,2024-04-06 19:13:04.696527
92,30,5,2025-09-07 19:13:04.696697
92,2,2,2025-08-06 19:13:04.696865
92,26,1,2024-10-24 19:13:04.697038
92,17,2,2024-03-05 19:13:04.697209
92,11,3,2024-12-17 19:13:04.697375
92,20,4,2024-04-20 19:13:04.697543
92,13,2,2025-02-15 19:13:04.697708
92,6,3,2024-07-24 19:13:04.697885
92,28,3,2024-08-26 19:13:04.698056
92,1,3,2025-07-06 19:13:04.698228
92,9,5,2024-04-08 19:13:04.698398
92,19,3,2024-10-24 19:13:04.698565
92,7,5,2025-05-16 19:13:04.698760
92,23,4,2025-02-26 19:13:04.698931
92,27,4,2024-04-25 19:13:04.699095
92,24,4,2025-08-21 19:13:04.699278
92,21,3,2024-12-31 19:13:04.699456
92,18,2,2025-01-24 19:13:04.699620
93,30,4,2025-04-16 19:13:04.699914
93,7,3,2025-04-07 19:13:04.700101
93,17,4,2024-01-02 19:13:04.700274
93,23,3,2024-08-12 19:13:04.700444
93,9,4,2025-05-12 19:13:04.700612
93,14,2,2023-10-23 19:13:04.700783
93,4,4,2025-09-21 19:13:04.700957
93,6,5,2024-08-07 19:13:04.701127
93,26,5,2024-05-24 19:13:04.701292
93,20,2,2025-02-25 19:13:04.701462
93,22,4,2024-06-28 19:13:04.701629
93,27,2,2025-05-11 19:13:04.701800
93,29,4,2025-01-20 19:13:04.701969
93,15,3,2024-10-31 19:13:04.702132
93,10,5,2024-08-19 19:13:04.702300
93,11,1,2024-02-08 19:13:04.702464
93,28,4,2024-10-14 19:13:04.702631
93,3,3,2024-04-26 19:13:04.702799
93,19,3,2023-11-08 19:13:04.702962
93,13,3,2025-06-25 19:13:04.703128
93,5,3,2025-02-18 19:13:04.703291
93,16,4,2024-01-23 19:13:04.703458
93,18,3,2024-03-11 19:13:04.703623
94,14,3,2024-01-08 19:13:04.704097
94,23,3,2025-06-19 19:13:04.704311
94,20,3,2024-08-03 19:13:04.704500
94,25,2,2024-07-25 19:13:04.704674
94,22,4,2023-11-20 19:13:04.704854
94,2,5,2024-01-13 19:13:04.705039
94,24,2,2024-05-07 19:13:04.705217
94,27,3,2024-09-29 19:13:04.705393
94,18,5,2023-11-16 19:13:04.705570
94,12,4,2025-07-04 19:13:04.705741
94,16,3,2024-12-12 19:13:04.705910
94,3,4,2025-05-23 19:13:04.706082
94,13,4,2025-03-17 19:13:04.706251
94,26,2,2024-03-20 19:13:04.706420
94,17,5,2025-01-28 19:13:04.706583
94,28,5,2025-02-05 19:13:04.706755
94,15,3,2025-04-17 19:13:04.706922
94,30,3,2024-01-31 19:13:04.707105
94,29,4,2023-11-13 19:13:04.707367
94,19,5,2025-07-14 19:13:04.707734
94,5,3,2024-06-28 19:13:04.708058
95,8,2,2024-03-01 19:13:04.708765
95,25,3,2023-10-27 19:13:04.709047
95,28,4,2025-08-21 19:13:04.709374
95,2,3,2025-02-13 19:13:04.709607
95,1,4,2024-09-03 19:13:04.709816
95,9,2,2024-07-15 19:13:04.710014
95,11,5,2024-08-23 19:13:04.710216
95,14,3,2024-02-06 19:13:04.710428
95,13,5,2025-07-16 19:13:04.710608
95,19,2,2023-10-08 19:13:04.710809
95,5,1,2025-05-10 19:13:04.711003
95,6,4,2023-11-05 19:13:04.711236
95,7,2,2024-07-14 19:13:04.711491
95,10,5,2025-04-14 19:13:04.711720
95,20,1,2024-06-05 19:13:04.711916
95,15,4,2023-12-19 19:13:04.712138
95,26,4,2024-02-01 19:13:04.712341
95,30,3,2024-03-26 19:13:04.712570
95,23,3,2024-09-19 19:13:04.712764
95,21,2,2025-06-29 19:13:04.712949
95,18,4,2025-07-23 19:13:04.713122
95,24,3,2024-04-17 19:13:04.713298
96,4,5,2024-05-11 19:13:04.713644
96,2,4,2025-03-05 19:13:04.713824
96,29,3,2025-06-06 19:13:04.713995
96,11,2,2025-08-21 19:13:04.714171
96,19,5,2024-11-07 19:13:04.714352
96,16,1,2025-01-17 19:13:04.714529
96,7,3,2024-01-29 19:13:04.714704
96,17,4,2024-08-05 19:13:04.714877
96,12,4,2025-07-13 19:13:04.715048
96,8,4,2024-08-04 19:13:04.715221
96,9,3,2023-10-24 19:13:04.715386
96,26,1,2025-03-20 19:13:04.715562
96,28,3,2025-03-20 19:13:04.715730
96,10,4,2025-09-18 19:13:04.715896
96,3,4,2025-08-06 19:13:04.716063
96,13,3,2025-03-06 19:13:04.716227
96,30,3,2024-10-23 19:13:04.716394
96,1,4,2024-12-27 19:13:04.716566
96,25,3,2024-11-01 19:13:04.716732
96,15,1,2025-01-10 19:13:04.716900
96,18,4,2023-11-02 19:13:04.717070
96,21,4,2023-10-07 19:13:04.717238
96,5,4,2024-10-02 19:13:04.717406
97,9,3,2024-08-16 19:13:04.717713
97,11,3,2025-02-09 19:13:04.717895
97,30,2,2025-04-26 19:13:04.718075
97,5,2,2024-08-24 19:13:04.718255
97,3,2,2024-11-25 19:13:04.718425
97,23,3,2025-07-06 19:13:04.718605
97,24,3,2025-05-20 19:13:04.718778
97,4,3,2025-05-15 19:13:04.718949
97,27,5,2024-01-21 19:13:04.719125
97,19,2,2024-10-09 19:13:04.719295
97,6,4,2023-12-14 19:13:04.719463
97,8,4,2024-06-26 19:13:04.719739
97,12,3,2025-06-02 19:13:04.719912
97,2,5,2024-11-09 19:13:04.720088
97,26,3,2024-06-10 19:13:04.720258
97,25,4,2024-05-17 19:13:04.720424
97,22,3,2023-11-28 19:13:04.720597
97,28,1,2024-06-03 19:13:04.720765
97,14,5,2025-04-06 19:13:04.720933
98,25,2,2025-04-17 19:13:04.721192
98,27,4,2024-06-10 19:13:04.721367
98,24,4,2024-06-16 19:13:04.721538
98,9,5,2024-11-12 19:13:04.721720
98,20,4,2025-05-14 19:13:04.721888
98,11,3,2024-08-08 19:13:04.722059
98,17,4,2024-10-12 19:13:04.722228
98,28,3,2024-02-21 19:13:04.722392
98,29,3,2024-10-19 19:13:04.722561
99,4,3,2025-02-07 19:13:04.722818
99,2,4,2025-07-28 19:13:04.723034
99,29,5,2024-07-12 19:13:04.723206
99,18,3,2024-07-18 19:13:04.723376
99,25,3,2024-06-25 19:13:04.723542
99,14,3,2023-10-22 19:13:04.723719
99,6,2,2024-03-24 19:13:04.723889
99,30,4,2025-07-03 19:13:04.724055
99,1,5,2025-04-19 19:13:04.724222
99,10,4,2025-03-02 19:13:04.724386
99,8,3,2024-11-01 19:13:04.724555
99,28,3,2024-02-26 19:13:04.724727
99,17,3,2025-08-11 19:13:04.724895
99,21,2,2024-01-15 19:13:04.725066
99,16,3,2025-04-19 19:13:04.725234
99,9,1,2024-06-11 19:13:04.725401
99,13,3,2023-12-22 19:13:04.725576
99,19,2,2024-01-06 19:13:04.725752
100,15,5,2025-09-29 19:13:04.726009
100,24,4,2025-09-03 19:13:04.726180
100,27,5,2025-06-27 19:13:04.726348
100,11,5,2025-03-13 19:13:04.726513
100,28,4,2025-09-11 19:13:04.726685
100,14,3,2025-06-22 19:13:04.726850
100,19,5,2024-02-07 19:13:04.727017
100,21,3,2025-06-13 19:13:04.727515
100,20,5,2023-10-28 19:13:04.728393
100,10,3,2024-12-15 19:13:04.728979
100,8,5,2024-01-26 19:13:04.729263
100,4,4,2025-08-20 19:13:04.729523
100,29,4,2023-10-30 19:13:04.729811
100,17,3,2025-03-06 19:13:04.730030
100,30,3,2024-05-11 19:13:04.730254
100,7,4,2024-02-29 19:13:04.730446
100,5,4,2025-03-28 19:13:04.730646
100,26,4,2024-08-13 19:13:04.730858
100,9,3,2025-07-18 19:13:04.731054
100,13,3,2025-07-09 19:13:04.731287
100,25,1,2023-11-13 19:13:04.731588
100,2,5,2024-09-08 19:13:04.731875
100,3,3,2023-11-01 19:13:04.732082
